hospital_name,state,district,city,hospital_type,specialization,rating,cost_level,latitude,longitude,source_note
Apollo Hospitals Bannerghatta Road,Karnataka,Bengaluru Urban,Bengaluru,Private,Multi-speciality,4.6,High,12.9572,77.5784,Curated starter dataset from public Karnataka/India hospital references; coordinates are city-level geocodes for prototype use.
Manipal Hospital Old Airport Road,Karnataka,Bengaluru Urban,Bengaluru,Private,Multi-speciality,4.4,High,12.9626,77.6054,Curated starter dataset from public Karnataka/India hospital references; coordinates are city-level geocodes for prototype use.
Fortis Hospital Bannerghatta Road,Karnataka,Bengaluru Urban,Bengaluru,Private,Multi-speciality,4.5,High,12.968,77.5982,Curated starter dataset from public Karnataka/India hospital references; coordinates are city-level geocodes for prototype use.
Aster CMI Hospital,Karnataka,Bengaluru Urban,Bengaluru,Private,Multi-speciality,4.5,High,12.9734,77.591,Curated starter dataset from public Karnataka/India hospital references; coordinates are city-level geocodes for prototype use.
Narayana Health City,Karnataka,Bengaluru Urban,Bengaluru,Private,Multi-speciality,4.6,High,12.9788,77.5838,Curated starter dataset from public Karnataka/India hospital references; coordinates are city-level geocodes for prototype use.
St John's Medical College Hospital,Karnataka,Bengaluru Urban,Bengaluru,Government,Multi-speciality,4.1,Low,12.9842,77.6108,Curated starter dataset from public Karnataka/India hospital references; coordinates are city-level geocodes for prototype use.
M S Ramaiah Memorial Hospital,Karnataka,Bengaluru Urban,Bengaluru,Trust,Multi-speciality,3.9,Low,12.959,77.6036,Curated starter dataset from public Karnataka/India hospital references; coordinates are city-level geocodes for prototype use.
BGS Gleneagles Global Hospital,Karnataka,Bengaluru Urban,Bengaluru,Private,Multi-speciality,4.3,High,12.9644,77.5964,Curated starter dataset from public Karnataka/India hospital references; coordinates are city-level geocodes for prototype use.
Vydehi Institute of Medical Sciences and Research Centre,Karnataka,Bengaluru Urban,Bengaluru,Government,Multi-speciality,3.9,Low,12.9698,77.5892,Curated starter dataset from public Karnataka/India hospital references; coordinates are city-level geocodes for prototype use.
Sri Jayadeva Institute of Cardiovascular Sciences and Research,Karnataka,Bengaluru Urban,Bengaluru,Trust,Cardiology,4.5,High,12.9752,77.582,Curated starter dataset from public Karnataka/India hospital references; coordinates are city-level geocodes for prototype use.
Apollo BGS Hospitals Mysuru,Karnataka,Mysuru,Mysuru,Private,Multi-speciality,4.6,High,12.3048,76.6538,Curated starter dataset from public Karnataka/India hospital references; coordinates are city-level geocodes for prototype use.
JSS Hospital,Karnataka,Mysuru,Mysuru,Private,Multi-speciality,4.2,Medium,12.3102,76.6466,Curated starter dataset from public Karnataka/India hospital references; coordinates are city-level geocodes for prototype use.
Columbia Asia Hospital Mysore,Karnataka,Mysuru,Mysuru,Private,Multi-speciality,4.4,Medium,12.285,76.6394,Curated starter dataset from public Karnataka/India hospital references; coordinates are city-level geocodes for prototype use.
K R Hospital Mysuru,Karnataka,Mysuru,Mysuru,Trust,Multi-speciality,4.1,Low,12.2904,76.6322,Curated starter dataset from public Karnataka/India hospital references; coordinates are city-level geocodes for prototype use.
Cauvery Heart and Multi-Speciality Hospital,Karnataka,Mysuru,Mysuru,Trust,Cardiology,4.2,Medium,12.2958,76.625,Curated starter dataset from public Karnataka/India hospital references; coordinates are city-level geocodes for prototype use.
Manipal Hospital Mysuru,Karnataka,Mysuru,Mysuru,Private,Multi-speciality,4.6,High,12.3012,76.652,Curated starter dataset from public Karnataka/India hospital references; coordinates are city-level geocodes for prototype use.
Mysore Medical College Hospital,Karnataka,Mysuru,Mysuru,Government,Multi-speciality,3.9,Low,12.3066,76.6448,Curated starter dataset from public Karnataka/India hospital references; coordinates are city-level geocodes for prototype use.
Siddhartha Multispeciality Hospital,Karnataka,Mysuru,Mysuru,Trust,Multi-speciality,3.9,Low,12.2814,76.6376,Curated starter dataset from public Karnataka/India hospital references; coordinates are city-level geocodes for prototype use.
City Speciality Hospital Mysuru,Karnataka,Mysuru,Mysuru,Trust,Multi-speciality,3.9,Low,12.2868,76.6304,Curated starter dataset from public Karnataka/India hospital references; coordinates are city-level geocodes for prototype use.
Chamundi Hospital and Research Centre,Karnataka,Mysuru,Mysuru,Private,Multi-speciality,4.1,Medium,12.2922,76.6232,Curated starter dataset from public Karnataka/India hospital references; coordinates are city-level geocodes for prototype use.
Kasturba Medical College Hospital Mangalore,Karnataka,Dakshina Kannada,Mangaluru,Government,Multi-speciality,4.0,Low,12.9159,74.8668,Curated starter dataset from public Karnataka/India hospital references; coordinates are city-level geocodes for prototype use.
Father Muller Medical College Hospital,Karnataka,Dakshina Kannada,Mangaluru,Government,Multi-speciality,3.7,Low,12.9213,74.8596,Curated starter dataset from public Karnataka/India hospital references; coordinates are city-level geocodes for prototype use.
Yenepoya Medical College Hospital,Karnataka,Dakshina Kannada,Mangaluru,Government,Multi-speciality,3.8,Low,12.9267,74.8524,Curated starter dataset from public Karnataka/India hospital references; coordinates are city-level geocodes for prototype use.
KMC Hospital Attavar,Karnataka,Dakshina Kannada,Mangaluru,Trust,Multi-speciality,4.1,High,12.9015,74.8452,Curated starter dataset from public Karnataka/India hospital references; coordinates are city-level geocodes for prototype use.
AJ Hospital and Research Centre,Karnataka,Dakshina Kannada,Mangaluru,Private,Multi-speciality,4.5,High,12.9069,74.8722,Curated starter dataset from public Karnataka/India hospital references; coordinates are city-level geocodes for prototype use.
Indiana Hospital and Heart Institute,Karnataka,Dakshina Kannada,Mangaluru,Private,Cardiology,4.7,High,12.9123,74.865,Curated starter dataset from public Karnataka/India hospital references; coordinates are city-level geocodes for prototype use.
Unity Hospital Mangalore,Karnataka,Dakshina Kannada,Mangaluru,Private,Multi-speciality,4.3,Medium,12.9177,74.8578,Curated starter dataset from public Karnataka/India hospital references; coordinates are city-level geocodes for prototype use.
Wenlock District Hospital,Karnataka,Dakshina Kannada,Mangaluru,Government,General Medicine,3.7,Low,12.9231,74.8506,Curated starter dataset from public Karnataka/India hospital references; coordinates are city-level geocodes for prototype use.
City Hospital Research and Diagnostic Centre,Karnataka,Dakshina Kannada,Mangaluru,Trust,Multi-speciality,4.0,Low,12.9285,74.8434,Curated starter dataset from public Karnataka/India hospital references; coordinates are city-level geocodes for prototype use.
Tejasvini Hospital,Karnataka,Dakshina Kannada,Mangaluru,Trust,Multi-speciality,4.1,Low,12.9033,74.8704,Curated starter dataset from public Karnataka/India hospital references; coordinates are city-level geocodes for prototype use.
KLE Society's Dr Prabhakar Kore Hospital and MRC,Karnataka,Dharwad,Hubballi,Private,Multi-speciality,4.3,High,15.3593,75.1312,Curated starter dataset from public Karnataka/India hospital references; coordinates are city-level geocodes for prototype use.
KLE Centenary Charitable Hospital,Karnataka,Dharwad,Hubballi,Private,Multi-speciality,4.3,High,15.3647,75.124,Curated starter dataset from public Karnataka/India hospital references; coordinates are city-level geocodes for prototype use.
Suchirayu Hospital,Karnataka,Dharwad,Hubballi,Trust,Multi-speciality,4.1,Low,15.3701,75.1168,Curated starter dataset from public Karnataka/India hospital references; coordinates are city-level geocodes for prototype use.
Tatwadarsha Hospital,Karnataka,Dharwad,Hubballi,Private,Multi-speciality,4.3,Medium,15.3755,75.1096,Curated starter dataset from public Karnataka/India hospital references; coordinates are city-level geocodes for prototype use.
Shri Balaji Institute of Neuro Sciences and Trauma,Karnataka,Dharwad,Hubballi,Trust,Orthopedics & Trauma,4.5,High,15.3503,75.1366,Curated starter dataset from public Karnataka/India hospital references; coordinates are city-level geocodes for prototype use.
Shakuntala Memorial Hospital and Research Centre,Karnataka,Dharwad,Hubballi,Private,Multi-speciality,4.3,Medium,15.3557,75.1294,Curated starter dataset from public Karnataka/India hospital references; coordinates are city-level geocodes for prototype use.
Ashoka Hospital Hubballi,Karnataka,Dharwad,Hubballi,Private,Multi-speciality,4.3,Medium,15.3611,75.1222,Curated starter dataset from public Karnataka/India hospital references; coordinates are city-level geocodes for prototype use.
Hubli Super Speciality Hospital,Karnataka,Dharwad,Hubballi,Trust,Multi-speciality,3.8,Low,15.3665,75.115,Curated starter dataset from public Karnataka/India hospital references; coordinates are city-level geocodes for prototype use.
Nalwad Multispeciality Hospital and Research Centre,Karnataka,Dharwad,Hubballi,Private,Multi-speciality,4.1,Medium,15.3719,75.1078,Curated starter dataset from public Karnataka/India hospital references; coordinates are city-level geocodes for prototype use.
Shushroosha Dr G V Pandit Memorial Hospital,Karnataka,Dharwad,Hubballi,Trust,Multi-speciality,4.1,Low,15.3773,75.1348,Curated starter dataset from public Karnataka/India hospital references; coordinates are city-level geocodes for prototype use.
Karnataka Cancer Therapy and Research Institute,Karnataka,Dharwad,Dharwad,Trust,Oncology,4.3,High,15.4463,75.0114,Curated starter dataset from public Karnataka/India hospital references; coordinates are city-level geocodes for prototype use.
Vivekanand General Hospital,Karnataka,Dharwad,Dharwad,Trust,Multi-speciality,3.9,Low,15.4517,75.0042,Curated starter dataset from public Karnataka/India hospital references; coordinates are city-level geocodes for prototype use.
M M Joshi Eye Institute,Karnataka,Dharwad,Dharwad,Trust,Ophthalmology,3.9,Low,15.4571,74.997,Curated starter dataset from public Karnataka/India hospital references; coordinates are city-level geocodes for prototype use.
Disha Superspeciality Eye Hospital Research Centre,Karnataka,Dharwad,Dharwad,Private,Ophthalmology,4.4,Medium,15.4625,75.024,Curated starter dataset from public Karnataka/India hospital references; coordinates are city-level geocodes for prototype use.
Sanjeevini Speciality Hospital,Karnataka,Dharwad,Dharwad,Trust,Multi-speciality,3.9,Low,15.4679,75.0168,Curated starter dataset from public Karnataka/India hospital references; coordinates are city-level geocodes for prototype use.
Jayapriya Hospital,Karnataka,Dharwad,Dharwad,Trust,Multi-speciality,3.9,Low,15.4733,75.0096,Curated starter dataset from public Karnataka/India hospital references; coordinates are city-level geocodes for prototype use.
KLE Hospital Dharwad,Karnataka,Dharwad,Dharwad,Private,Multi-speciality,4.4,High,15.4481,75.0024,Curated starter dataset from public Karnataka/India hospital references; coordinates are city-level geocodes for prototype use.
Dharwad City Care Hospital,Karnataka,Dharwad,Dharwad,Trust,Multi-speciality,4.1,Low,15.4535,74.9952,Curated starter dataset from public Karnataka/India hospital references; coordinates are city-level geocodes for prototype use.
Vithoba Memorial Hospital Vithoba Netralaya,Karnataka,Dharwad,Dharwad,Trust,Ophthalmology,4.0,Low,15.4589,75.0222,Curated starter dataset from public Karnataka/India hospital references; coordinates are city-level geocodes for prototype use.
SDM College of Medical Sciences and Hospital,Karnataka,Dharwad,Dharwad,Trust,Multi-speciality,4.2,Low,15.4643,75.015,Curated starter dataset from public Karnataka/India hospital references; coordinates are city-level geocodes for prototype use.
BHS Lakeview Heart and Super Speciality Hospital,Karnataka,Belagavi,Belagavi,Trust,Cardiology,4.3,Medium,15.8605,74.4977,Curated starter dataset from public Karnataka/India hospital references; coordinates are city-level geocodes for prototype use.
KLE Belgaum Cancer Hospital,Karnataka,Belagavi,Belagavi,Private,Oncology,4.3,High,15.8353,74.4905,Curated starter dataset from public Karnataka/India hospital references; coordinates are city-level geocodes for prototype use.
Vijaya Ortho and Trauma Centre,Karnataka,Belagavi,Belagavi,Private,Orthopedics & Trauma,4.5,High,15.8407,74.4833,Curated starter dataset from public Karnataka/India hospital references; coordinates are city-level geocodes for prototype use.
Saideep Eye Hospital,Karnataka,Belagavi,Belagavi,Trust,Ophthalmology,4.0,Low,15.8461,74.5103,Curated starter dataset from public Karnataka/India hospital references; coordinates are city-level geocodes for prototype use.
Shri Daneshwari Surgical and General Hospital,Karnataka,Belagavi,Belagavi,Trust,Multi-speciality,3.8,Low,15.8515,74.5031,Curated starter dataset from public Karnataka/India hospital references; coordinates are city-level geocodes for prototype use.
Life Care Multispeciality Hospital and Diagnostic Centre,Karnataka,Belagavi,Belagavi,Private,Multi-speciality,4.3,Medium,15.8569,74.4959,Curated starter dataset from public Karnataka/India hospital references; coordinates are city-level geocodes for prototype use.
KLE Centenary Charitable Hospital Belagavi,Karnataka,Belagavi,Belagavi,Private,Multi-speciality,4.5,High,15.8623,74.4887,Curated starter dataset from public Karnataka/India hospital references; coordinates are city-level geocodes for prototype use.
Yash Hospital Critical Care Centre,Karnataka,Belagavi,Belagavi,Trust,Multi-speciality,3.9,Low,15.8371,74.4815,Curated starter dataset from public Karnataka/India hospital references; coordinates are city-level geocodes for prototype use.
Dr Naik's Hospital,Karnataka,Belagavi,Belagavi,Trust,Multi-speciality,3.9,Low,15.8425,74.5085,Curated starter dataset from public Karnataka/India hospital references; coordinates are city-level geocodes for prototype use.
Belagavi City Hospital and Research Centre,Karnataka,Belagavi,Belagavi,Private,Multi-speciality,4.1,Medium,15.8479,74.5013,Curated starter dataset from public Karnataka/India hospital references; coordinates are city-level geocodes for prototype use.
Dr TMA Pai Hospital Udupi,Karnataka,Udupi,Udupi,Trust,Multi-speciality,3.9,Low,13.3445,74.7385,Curated starter dataset from public Karnataka/India hospital references; coordinates are city-level geocodes for prototype use.
Prasad Netralaya,Karnataka,Udupi,Udupi,Private,Ophthalmology,4.2,Medium,13.3499,74.7313,Curated starter dataset from public Karnataka/India hospital references; coordinates are city-level geocodes for prototype use.
GANGOLLI PRIMARY HEALTH CENTER,Karnataka,Udupi,Udupi,Government,General Medicine,3.9,Low,13.3553,74.7583,Curated starter dataset from public Karnataka/India hospital references; coordinates are city-level geocodes for prototype use.
Adarsha Hospital Udupi,Karnataka,Udupi,Udupi,Trust,Multi-speciality,4.0,Low,13.3301,74.7511,Curated starter dataset from public Karnataka/India hospital references; coordinates are city-level geocodes for prototype use.
Hitech Medicare Hospital Udupi,Karnataka,Udupi,Udupi,Private,Multi-speciality,4.2,Medium,13.3355,74.7439,Curated starter dataset from public Karnataka/India hospital references; coordinates are city-level geocodes for prototype use.
Raghavendra Hospital Udupi,Karnataka,Udupi,Udupi,Trust,Multi-speciality,4.2,Low,13.3409,74.7367,Curated starter dataset from public Karnataka/India hospital references; coordinates are city-level geocodes for prototype use.
Coastal Multispeciality Hospital,Karnataka,Udupi,Udupi,Trust,Multi-speciality,4.1,Low,13.3463,74.7295,Curated starter dataset from public Karnataka/India hospital references; coordinates are city-level geocodes for prototype use.
Udupi District Hospital,Karnataka,Udupi,Udupi,Government,General Medicine,3.9,Low,13.3517,74.7565,Curated starter dataset from public Karnataka/India hospital references; coordinates are city-level geocodes for prototype use.
Manipal City Hospital,Karnataka,Udupi,Udupi,Private,Multi-speciality,4.6,High,13.3265,74.7493,Curated starter dataset from public Karnataka/India hospital references; coordinates are city-level geocodes for prototype use.
Kundapura Community Care Hospital,Karnataka,Udupi,Udupi,Private,Multi-speciality,4.3,Medium,13.3319,74.7421,Curated starter dataset from public Karnataka/India hospital references; coordinates are city-level geocodes for prototype use.
Kasturba Hospital Manipal,Karnataka,Udupi,Manipal,Private,Multi-speciality,4.7,High,13.3486,74.7849,Curated starter dataset from public Karnataka/India hospital references; coordinates are city-level geocodes for prototype use.
Manipal Hospital Manipal,Karnataka,Udupi,Manipal,Private,Multi-speciality,4.3,High,13.354,74.7777,Curated starter dataset from public Karnataka/India hospital references; coordinates are city-level geocodes for prototype use.
Manipal Heart Centre,Karnataka,Udupi,Manipal,Private,Cardiology,4.7,High,13.3594,74.8047,Curated starter dataset from public Karnataka/India hospital references; coordinates are city-level geocodes for prototype use.
KMC Teaching Hospital Manipal,Karnataka,Udupi,Manipal,Government,Multi-speciality,3.8,Low,13.3648,74.7975,Curated starter dataset from public Karnataka/India hospital references; coordinates are city-level geocodes for prototype use.
Kasturba Trauma Centre,Karnataka,Udupi,Manipal,Trust,Orthopedics & Trauma,4.5,High,13.3396,74.7903,Curated starter dataset from public Karnataka/India hospital references; coordinates are city-level geocodes for prototype use.
Manipal Neurology Institute,Karnataka,Udupi,Manipal,Private,Neurology,4.6,High,13.345,74.7831,Curated starter dataset from public Karnataka/India hospital references; coordinates are city-level geocodes for prototype use.
Manipal Womens and Child Care Hospital,Karnataka,Udupi,Manipal,Private,Obstetrics & Gynaecology,4.4,High,13.3504,74.7759,Curated starter dataset from public Karnataka/India hospital references; coordinates are city-level geocodes for prototype use.
Manipal Eye Care Centre,Karnataka,Udupi,Manipal,Private,Ophthalmology,4.4,High,13.3558,74.8029,Curated starter dataset from public Karnataka/India hospital references; coordinates are city-level geocodes for prototype use.
Manipal Specialty Clinic,Karnataka,Udupi,Manipal,Private,Multi-speciality,4.4,High,13.3612,74.7957,Curated starter dataset from public Karnataka/India hospital references; coordinates are city-level geocodes for prototype use.
KMC Dental Hospital Manipal,Karnataka,Udupi,Manipal,Private,Dental,4.4,High,13.3666,74.7885,Curated starter dataset from public Karnataka/India hospital references; coordinates are city-level geocodes for prototype use.
McGann Teaching District Hospital,Karnataka,Shivamogga,Shivamogga,Government,Multi-speciality,4.0,Low,13.9191,75.5573,Curated starter dataset from public Karnataka/India hospital references; coordinates are city-level geocodes for prototype use.
Sahyadri Narayana Multispeciality Hospital,Karnataka,Shivamogga,Shivamogga,Private,Multi-speciality,4.6,High,13.9245,75.5843,Curated starter dataset from public Karnataka/India hospital references; coordinates are city-level geocodes for prototype use.
Nanjappa Hospital,Karnataka,Shivamogga,Shivamogga,Private,Multi-speciality,4.3,Medium,13.9299,75.5771,Curated starter dataset from public Karnataka/India hospital references; coordinates are city-level geocodes for prototype use.
Shimoga Institute of Medical Sciences Hospital,Karnataka,Shivamogga,Shivamogga,Government,Multi-speciality,3.8,Low,13.9353,75.5699,Curated starter dataset from public Karnataka/India hospital references; coordinates are city-level geocodes for prototype use.
Malnad District Hospital,Karnataka,Shivamogga,Shivamogga,Government,General Medicine,4.1,Low,13.9407,75.5627,Curated starter dataset from public Karnataka/India hospital references; coordinates are city-level geocodes for prototype use.
Shiva Shakti Multispeciality Hospital,Karnataka,Shivamogga,Shivamogga,Trust,Multi-speciality,3.8,Low,13.9155,75.5555,Curated starter dataset from public Karnataka/India hospital references; coordinates are city-level geocodes for prototype use.
Shivamogga Heart Centre,Karnataka,Shivamogga,Shivamogga,Trust,Cardiology,4.4,High,13.9209,75.5825,Curated starter dataset from public Karnataka/India hospital references; coordinates are city-level geocodes for prototype use.
Basaveshwara Hospital Shivamogga,Karnataka,Shivamogga,Shivamogga,Trust,Multi-speciality,4.1,Low,13.9263,75.5753,Curated starter dataset from public Karnataka/India hospital references; coordinates are city-level geocodes for prototype use.
Vinayaka Hospital Shivamogga,Karnataka,Shivamogga,Shivamogga,Trust,Multi-speciality,3.8,Low,13.9317,75.5681,Curated starter dataset from public Karnataka/India hospital references; coordinates are city-level geocodes for prototype use.
Malnad City Care Hospital,Karnataka,Shivamogga,Shivamogga,Trust,Multi-speciality,3.9,Low,13.9371,75.5609,Curated starter dataset from public Karnataka/India hospital references; coordinates are city-level geocodes for prototype use.
Basaveshwar Teaching and General Hospital,Karnataka,Kalaburagi,Kalaburagi,Government,Multi-speciality,3.8,Low,17.3423,76.8199,Curated starter dataset from public Karnataka/India hospital references; coordinates are city-level geocodes for prototype use.
Khaja Bandanawaz Teaching Hospital,Karnataka,Kalaburagi,Kalaburagi,Government,Multi-speciality,4.1,Low,17.3171,76.8469,Curated starter dataset from public Karnataka/India hospital references; coordinates are city-level geocodes for prototype use.
Gulbarga Heart Centre,Karnataka,Kalaburagi,Kalaburagi,Trust,Cardiology,4.2,High,17.3225,76.8397,Curated starter dataset from public Karnataka/India hospital references; coordinates are city-level geocodes for prototype use.
KBN Multispeciality Hospital,Karnataka,Kalaburagi,Kalaburagi,Trust,Multi-speciality,4.0,Low,17.3279,76.8325,Curated starter dataset from public Karnataka/India hospital references; coordinates are city-level geocodes for prototype use.
Kalaburagi City Hospital,Karnataka,Kalaburagi,Kalaburagi,Trust,Multi-speciality,4.1,Low,17.3333,76.8253,Curated starter dataset from public Karnataka/India hospital references; coordinates are city-level geocodes for prototype use.
Sanjivini Hospital Kalaburagi,Karnataka,Kalaburagi,Kalaburagi,Trust,Multi-speciality,4.0,Low,17.3387,76.8181,Curated starter dataset from public Karnataka/India hospital references; coordinates are city-level geocodes for prototype use.
Al Ameen Medical College Hospital,Karnataka,Kalaburagi,Kalaburagi,Government,Multi-speciality,3.7,Low,17.3441,76.8451,Curated starter dataset from public Karnataka/India hospital references; coordinates are city-level geocodes for prototype use.
District General Hospital Kalaburagi,Karnataka,Kalaburagi,Kalaburagi,Government,General Medicine,4.1,Low,17.3189,76.8379,Curated starter dataset from public Karnataka/India hospital references; coordinates are city-level geocodes for prototype use.
Hyderabad Karnataka Specialty Hospital,Karnataka,Kalaburagi,Kalaburagi,Trust,Multi-speciality,4.1,Low,17.3243,76.8307,Curated starter dataset from public Karnataka/India hospital references; coordinates are city-level geocodes for prototype use.
Shree Sai Hospital Kalaburagi,Karnataka,Kalaburagi,Kalaburagi,Trust,Multi-speciality,3.9,Low,17.3297,76.8235,Curated starter dataset from public Karnataka/India hospital references; coordinates are city-level geocodes for prototype use.
Sri Siddhartha Medical College Hospital,Karnataka,Tumakuru,Tumakuru,Government,Multi-speciality,3.7,Low,13.3469,77.1172,Curated starter dataset from public Karnataka/India hospital references; coordinates are city-level geocodes for prototype use.
Siddaganga Hospital and Research Centre,Karnataka,Tumakuru,Tumakuru,Private,Multi-speciality,4.2,Medium,13.3523,77.11,Curated starter dataset from public Karnataka/India hospital references; coordinates are city-level geocodes for prototype use.
Adarsha Hospital Tumakuru,Karnataka,Tumakuru,Tumakuru,Trust,Multi-speciality,4.0,Low,13.3271,77.1028,Curated starter dataset from public Karnataka/India hospital references; coordinates are city-level geocodes for prototype use.
Tumakuru District Hospital,Karnataka,Tumakuru,Tumakuru,Government,General Medicine,3.9,Low,13.3325,77.0956,Curated starter dataset from public Karnataka/India hospital references; coordinates are city-level geocodes for prototype use.
Sree Siddhartha Institute of Medical Sciences Hospital,Karnataka,Tumakuru,Tumakuru,Government,Multi-speciality,3.7,Low,13.3379,77.0884,Curated starter dataset from public Karnataka/India hospital references; coordinates are city-level geocodes for prototype use.
Deccan Multispeciality Hospital Tumakuru,Karnataka,Tumakuru,Tumakuru,Trust,Multi-speciality,3.9,Low,13.3433,77.1154,Curated starter dataset from public Karnataka/India hospital references; coordinates are city-level geocodes for prototype use.
Tumakuru Eye Hospital,Karnataka,Tumakuru,Tumakuru,Trust,Ophthalmology,4.2,Low,13.3487,77.1082,Curated starter dataset from public Karnataka/India hospital references; coordinates are city-level geocodes for prototype use.
Tumakuru Heart Centre,Karnataka,Tumakuru,Tumakuru,Trust,Cardiology,4.5,High,13.3541,77.101,Curated starter dataset from public Karnataka/India hospital references; coordinates are city-level geocodes for prototype use.
Tumakuru City Care Hospital,Karnataka,Tumakuru,Tumakuru,Trust,Multi-speciality,3.8,Low,13.3289,77.0938,Curated starter dataset from public Karnataka/India hospital references; coordinates are city-level geocodes for prototype use.
Madhugiri Community Hospital,Karnataka,Tumakuru,Tumakuru,Private,General Medicine,4.2,Medium,13.3343,77.0866,Curated starter dataset from public Karnataka/India hospital references; coordinates are city-level geocodes for prototype use.
Hassan Institute of Medical Sciences,Karnataka,Hassan,Hassan,Government,Multi-speciality,4.0,Low,13.0032,76.1116,Curated starter dataset from public Karnataka/India hospital references; coordinates are city-level geocodes for prototype use.
Bharathi Nursing Home Hassan,Karnataka,Hassan,Hassan,Trust,Multi-speciality,4.1,Low,13.0086,76.1044,Curated starter dataset from public Karnataka/India hospital references; coordinates are city-level geocodes for prototype use.
Hemavathi Hospital Hassan,Karnataka,Hassan,Hassan,Trust,Multi-speciality,3.9,Low,13.014,76.0972,Curated starter dataset from public Karnataka/India hospital references; coordinates are city-level geocodes for prototype use.
Sanjeevini Hospital Hassan,Karnataka,Hassan,Hassan,Trust,Multi-speciality,4.0,Low,13.0194,76.09,Curated starter dataset from public Karnataka/India hospital references; coordinates are city-level geocodes for prototype use.
District General Hospital Hassan,Karnataka,Hassan,Hassan,Government,General Medicine,4.0,Low,12.9942,76.0828,Curated starter dataset from public Karnataka/India hospital references; coordinates are city-level geocodes for prototype use.
Malnad Multispeciality Hospital Hassan,Karnataka,Hassan,Hassan,Trust,Multi-speciality,4.2,Low,12.9996,76.1098,Curated starter dataset from public Karnataka/India hospital references; coordinates are city-level geocodes for prototype use.
Hassan City Hospital,Karnataka,Hassan,Hassan,Trust,Multi-speciality,4.1,Low,13.005,76.1026,Curated starter dataset from public Karnataka/India hospital references; coordinates are city-level geocodes for prototype use.
Sree Channakeshava Hospital,Karnataka,Hassan,Hassan,Trust,Multi-speciality,4.2,Low,13.0104,76.0954,Curated starter dataset from public Karnataka/India hospital references; coordinates are city-level geocodes for prototype use.
Hoysala Trauma Centre Hassan,Karnataka,Hassan,Hassan,Trust,Orthopedics & Trauma,4.2,High,13.0158,76.0882,Curated starter dataset from public Karnataka/India hospital references; coordinates are city-level geocodes for prototype use.
Hassan Eye and Dental Care Hospital,Karnataka,Hassan,Hassan,Trust,Ophthalmology,3.9,Low,12.9906,76.1152,Curated starter dataset from public Karnataka/India hospital references; coordinates are city-level geocodes for prototype use.
Bapuji Hospital,Karnataka,Davanagere,Davanagere,Private,Multi-speciality,4.4,Medium,14.4554,75.9308,Curated starter dataset from public Karnataka/India hospital references; coordinates are city-level geocodes for prototype use.
SS Institute of Medical Sciences and Research Centre,Karnataka,Davanagere,Davanagere,Government,Multi-speciality,3.8,Low,14.4608,75.9236,Curated starter dataset from public Karnataka/India hospital references; coordinates are city-level geocodes for prototype use.
City Central Hospital Davanagere,Karnataka,Davanagere,Davanagere,Trust,Multi-speciality,4.0,Low,14.4662,75.9164,Curated starter dataset from public Karnataka/India hospital references; coordinates are city-level geocodes for prototype use.
Davanagere District Hospital,Karnataka,Davanagere,Davanagere,Government,General Medicine,3.8,Low,14.4716,75.9092,Curated starter dataset from public Karnataka/India hospital references; coordinates are city-level geocodes for prototype use.
Shamanur Hospital and Research Centre,Karnataka,Davanagere,Davanagere,Private,Multi-speciality,4.5,Medium,14.477,75.9362,Curated starter dataset from public Karnataka/India hospital references; coordinates are city-level geocodes for prototype use.
Bapuji Cancer Centre,Karnataka,Davanagere,Davanagere,Private,Oncology,4.6,High,14.4518,75.929,Curated starter dataset from public Karnataka/India hospital references; coordinates are city-level geocodes for prototype use.
Davanagere Heart Institute,Karnataka,Davanagere,Davanagere,Trust,Cardiology,4.1,Medium,14.4572,75.9218,Curated starter dataset from public Karnataka/India hospital references; coordinates are city-level geocodes for prototype use.
JJM Medical College Hospital,Karnataka,Davanagere,Davanagere,Government,Multi-speciality,4.0,Low,14.4626,75.9146,Curated starter dataset from public Karnataka/India hospital references; coordinates are city-level geocodes for prototype use.
D Group Multispeciality Hospital,Karnataka,Davanagere,Davanagere,Trust,Multi-speciality,4.1,Low,14.468,75.9074,Curated starter dataset from public Karnataka/India hospital references; coordinates are city-level geocodes for prototype use.
Malatesh Hospital Davanagere,Karnataka,Davanagere,Davanagere,Trust,Multi-speciality,3.9,Low,14.4734,75.9344,Curated starter dataset from public Karnataka/India hospital references; coordinates are city-level geocodes for prototype use.
VIMS Bellary,Karnataka,Ballari,Ballari,Trust,Multi-speciality,3.9,Low,15.1538,76.9268,Curated starter dataset from public Karnataka/India hospital references; coordinates are city-level geocodes for prototype use.
Vijayanagar Institute of Medical Sciences,Karnataka,Ballari,Ballari,Government,Multi-speciality,4.0,Low,15.1286,76.9196,Curated starter dataset from public Karnataka/India hospital references; coordinates are city-level geocodes for prototype use.
Ballari District Hospital,Karnataka,Ballari,Ballari,Government,General Medicine,3.9,Low,15.134,76.9124,Curated starter dataset from public Karnataka/India hospital references; coordinates are city-level geocodes for prototype use.
Nandini Hospital Ballari,Karnataka,Ballari,Ballari,Trust,Multi-speciality,3.8,Low,15.1394,76.9052,Curated starter dataset from public Karnataka/India hospital references; coordinates are city-level geocodes for prototype use.
Kalyani Hospital Ballari,Karnataka,Ballari,Ballari,Trust,Multi-speciality,4.0,Low,15.1448,76.9322,Curated starter dataset from public Karnataka/India hospital references; coordinates are city-level geocodes for prototype use.
Sandur Super Speciality Hospital,Karnataka,Ballari,Ballari,Trust,Multi-speciality,3.9,Low,15.1502,76.925,Curated starter dataset from public Karnataka/India hospital references; coordinates are city-level geocodes for prototype use.
Ballari City Care Hospital,Karnataka,Ballari,Ballari,Trust,Multi-speciality,4.2,Low,15.125,76.9178,Curated starter dataset from public Karnataka/India hospital references; coordinates are city-level geocodes for prototype use.
Hospet General Hospital,Karnataka,Ballari,Ballari,Trust,Multi-speciality,3.9,Low,15.1304,76.9106,Curated starter dataset from public Karnataka/India hospital references; coordinates are city-level geocodes for prototype use.
Bellary Heart Centre,Karnataka,Ballari,Ballari,Trust,Cardiology,4.4,High,15.1358,76.9376,Curated starter dataset from public Karnataka/India hospital references; coordinates are city-level geocodes for prototype use.
Vijaya Trauma and Orthopaedic Centre Ballari,Karnataka,Ballari,Ballari,Trust,Orthopedics & Trauma,4.4,High,15.1412,76.9304,Curated starter dataset from public Karnataka/India hospital references; coordinates are city-level geocodes for prototype use.
Raichur Institute of Medical Sciences,Karnataka,Raichur,Raichur,Government,Multi-speciality,3.8,Low,16.2148,77.3481,Curated starter dataset from public Karnataka/India hospital references; coordinates are city-level geocodes for prototype use.
District Hospital Raichur,Karnataka,Raichur,Raichur,Government,General Medicine,4.0,Low,16.2202,77.3409,Curated starter dataset from public Karnataka/India hospital references; coordinates are city-level geocodes for prototype use.
Navodaya Medical College Hospital,Karnataka,Raichur,Raichur,Government,Multi-speciality,3.9,Low,16.195,77.3337,Curated starter dataset from public Karnataka/India hospital references; coordinates are city-level geocodes for prototype use.
Raichur Heart and Diabetes Centre,Karnataka,Raichur,Raichur,Trust,Cardiology,4.0,Medium,16.2004,77.3607,Curated starter dataset from public Karnataka/India hospital references; coordinates are city-level geocodes for prototype use.
Krishna Hospital Raichur,Karnataka,Raichur,Raichur,Trust,Multi-speciality,3.8,Low,16.2058,77.3535,Curated starter dataset from public Karnataka/India hospital references; coordinates are city-level geocodes for prototype use.
Raichur City Multispeciality Hospital,Karnataka,Raichur,Raichur,Trust,Multi-speciality,4.1,Low,16.2112,77.3463,Curated starter dataset from public Karnataka/India hospital references; coordinates are city-level geocodes for prototype use.
Laxmi Hospital Raichur,Karnataka,Raichur,Raichur,Trust,Multi-speciality,3.9,Low,16.2166,77.3391,Curated starter dataset from public Karnataka/India hospital references; coordinates are city-level geocodes for prototype use.
Manvi Community Hospital,Karnataka,Raichur,Raichur,Private,General Medicine,4.3,Medium,16.222,77.3319,Curated starter dataset from public Karnataka/India hospital references; coordinates are city-level geocodes for prototype use.
Shifa Hospital Raichur,Karnataka,Raichur,Raichur,Trust,Multi-speciality,4.1,Low,16.1968,77.3589,Curated starter dataset from public Karnataka/India hospital references; coordinates are city-level geocodes for prototype use.
RIMS Teaching Hospital Raichur,Karnataka,Raichur,Raichur,Government,Multi-speciality,4.0,Low,16.2022,77.3517,Curated starter dataset from public Karnataka/India hospital references; coordinates are city-level geocodes for prototype use.
BLDE University Shri B M Patil Medical College Hospital,Karnataka,Vijayapura,Vijayapura,Government,Multi-speciality,3.8,Low,16.8302,75.7082,Curated starter dataset from public Karnataka/India hospital references; coordinates are city-level geocodes for prototype use.
District Hospital Vijayapura,Karnataka,Vijayapura,Vijayapura,Government,General Medicine,3.7,Low,16.8356,75.701,Curated starter dataset from public Karnataka/India hospital references; coordinates are city-level geocodes for prototype use.
KLE Hospital Vijayapura,Karnataka,Vijayapura,Vijayapura,Private,Multi-speciality,4.7,High,16.841,75.6938,Curated starter dataset from public Karnataka/India hospital references; coordinates are city-level geocodes for prototype use.
Vijayapura Heart Centre,Karnataka,Vijayapura,Vijayapura,Trust,Cardiology,4.2,High,16.8158,75.7208,Curated starter dataset from public Karnataka/India hospital references; coordinates are city-level geocodes for prototype use.
Al Ameen Medical College Hospital Vijayapura,Karnataka,Vijayapura,Vijayapura,Government,Multi-speciality,3.9,Low,16.8212,75.7136,Curated starter dataset from public Karnataka/India hospital references; coordinates are city-level geocodes for prototype use.
Bapuji Multispeciality Hospital Vijayapura,Karnataka,Vijayapura,Vijayapura,Private,Multi-speciality,4.5,Medium,16.8266,75.7064,Curated starter dataset from public Karnataka/India hospital references; coordinates are city-level geocodes for prototype use.
City Care Hospital Vijayapura,Karnataka,Vijayapura,Vijayapura,Trust,Multi-speciality,3.8,Low,16.832,75.6992,Curated starter dataset from public Karnataka/India hospital references; coordinates are city-level geocodes for prototype use.
Vijayapura Trauma and Ortho Centre,Karnataka,Vijayapura,Vijayapura,Trust,Orthopedics & Trauma,4.3,High,16.8374,75.7262,Curated starter dataset from public Karnataka/India hospital references; coordinates are city-level geocodes for prototype use.
Bijapur Eye and Dental Hospital,Karnataka,Vijayapura,Vijayapura,Trust,Ophthalmology,3.9,Low,16.8428,75.719,Curated starter dataset from public Karnataka/India hospital references; coordinates are city-level geocodes for prototype use.
Vijayapura Women's Care Hospital,Karnataka,Vijayapura,Vijayapura,Trust,Obstetrics & Gynaecology,4.1,Low,16.8176,75.7118,Curated starter dataset from public Karnataka/India hospital references; coordinates are city-level geocodes for prototype use.
S Nijalingappa Medical College Hospital,Karnataka,Bagalkot,Bagalkot,Government,Multi-speciality,3.9,Low,16.1745,75.6897,Curated starter dataset from public Karnataka/India hospital references; coordinates are city-level geocodes for prototype use.
District Hospital Bagalkot,Karnataka,Bagalkot,Bagalkot,Government,General Medicine,4.1,Low,16.1799,75.6825,Curated starter dataset from public Karnataka/India hospital references; coordinates are city-level geocodes for prototype use.
Bagalkot City Hospital,Karnataka,Bagalkot,Bagalkot,Trust,Multi-speciality,3.8,Low,16.1853,75.7095,Curated starter dataset from public Karnataka/India hospital references; coordinates are city-level geocodes for prototype use.
KLE Hospital Bagalkot,Karnataka,Bagalkot,Bagalkot,Private,Multi-speciality,4.7,High,16.1907,75.7023,Curated starter dataset from public Karnataka/India hospital references; coordinates are city-level geocodes for prototype use.
Venkatesh Hospital Bagalkot,Karnataka,Bagalkot,Bagalkot,Trust,Multi-speciality,3.9,Low,16.1961,75.6951,Curated starter dataset from public Karnataka/India hospital references; coordinates are city-level geocodes for prototype use.
Bilagi Community Hospital,Karnataka,Bagalkot,Bagalkot,Private,General Medicine,4.1,Medium,16.1709,75.6879,Curated starter dataset from public Karnataka/India hospital references; coordinates are city-level geocodes for prototype use.
Mudhol Multispeciality Hospital,Karnataka,Bagalkot,Bagalkot,Trust,Multi-speciality,4.0,Low,16.1763,75.6807,Curated starter dataset from public Karnataka/India hospital references; coordinates are city-level geocodes for prototype use.
Badami Care Hospital,Karnataka,Bagalkot,Bagalkot,Trust,Multi-speciality,4.0,Low,16.1817,75.7077,Curated starter dataset from public Karnataka/India hospital references; coordinates are city-level geocodes for prototype use.
Mahalingpur Heart Centre,Karnataka,Bagalkot,Bagalkot,Trust,Cardiology,4.4,High,16.1871,75.7005,Curated starter dataset from public Karnataka/India hospital references; coordinates are city-level geocodes for prototype use.
Bagalkot Eye Clinic,Karnataka,Bagalkot,Bagalkot,Trust,Ophthalmology,4.1,Low,16.1925,75.6933,Curated starter dataset from public Karnataka/India hospital references; coordinates are city-level geocodes for prototype use.
Mandya Institute of Medical Sciences,Karnataka,Mandya,Mandya,Government,Multi-speciality,4.1,Low,12.5076,76.888,Curated starter dataset from public Karnataka/India hospital references; coordinates are city-level geocodes for prototype use.
District Hospital Mandya,Karnataka,Mandya,Mandya,Government,General Medicine,4.0,Low,12.513,76.8808,Curated starter dataset from public Karnataka/India hospital references; coordinates are city-level geocodes for prototype use.
Cauvery Heart Centre Mandya,Karnataka,Mandya,Mandya,Trust,Cardiology,4.2,High,12.5184,76.9078,Curated starter dataset from public Karnataka/India hospital references; coordinates are city-level geocodes for prototype use.
Sushrutha Hospital Mandya,Karnataka,Mandya,Mandya,Trust,Multi-speciality,4.0,Low,12.5238,76.9006,Curated starter dataset from public Karnataka/India hospital references; coordinates are city-level geocodes for prototype use.
Adichunchanagiri Hospital and Research Centre,Karnataka,Mandya,Mandya,Private,Multi-speciality,4.5,Medium,12.5292,76.8934,Curated starter dataset from public Karnataka/India hospital references; coordinates are city-level geocodes for prototype use.
Mandya City Hospital,Karnataka,Mandya,Mandya,Trust,Multi-speciality,4.2,Low,12.5346,76.8862,Curated starter dataset from public Karnataka/India hospital references; coordinates are city-level geocodes for prototype use.
Melukote Community Hospital,Karnataka,Mandya,Mandya,Private,General Medicine,4.3,Medium,12.5094,76.9132,Curated starter dataset from public Karnataka/India hospital references; coordinates are city-level geocodes for prototype use.
Maddur Multispeciality Hospital,Karnataka,Mandya,Mandya,Trust,Multi-speciality,4.1,Low,12.5148,76.906,Curated starter dataset from public Karnataka/India hospital references; coordinates are city-level geocodes for prototype use.
Malavalli General Hospital,Karnataka,Mandya,Mandya,Trust,Multi-speciality,3.8,Low,12.5202,76.8988,Curated starter dataset from public Karnataka/India hospital references; coordinates are city-level geocodes for prototype use.
Mandya Women's Hospital,Karnataka,Mandya,Mandya,Trust,Obstetrics & Gynaecology,4.2,Low,12.5256,76.8916,Curated starter dataset from public Karnataka/India hospital references; coordinates are city-level geocodes for prototype use.
Malnad College of Medical Sciences Hospital,Karnataka,Chikkamagaluru,Chikkamagaluru,Trust,Multi-speciality,4.0,Low,13.3251,75.7628,Curated starter dataset from public Karnataka/India hospital references; coordinates are city-level geocodes for prototype use.
District Hospital Chikkamagaluru,Karnataka,Chikkamagaluru,Chikkamagaluru,Government,General Medicine,4.0,Low,13.3305,75.7898,Curated starter dataset from public Karnataka/India hospital references; coordinates are city-level geocodes for prototype use.
Chikmagalur City Hospital,Karnataka,Chikkamagaluru,Chikkamagaluru,Trust,Multi-speciality,3.9,Low,13.3053,75.7826,Curated starter dataset from public Karnataka/India hospital references; coordinates are city-level geocodes for prototype use.
Kuppalli Community Hospital,Karnataka,Chikkamagaluru,Chikkamagaluru,Private,General Medicine,4.4,Medium,13.3107,75.7754,Curated starter dataset from public Karnataka/India hospital references; coordinates are city-level geocodes for prototype use.
Koppa Multispeciality Clinic,Karnataka,Chikkamagaluru,Chikkamagaluru,Trust,Multi-speciality,4.0,Low,13.3161,75.7682,Curated starter dataset from public Karnataka/India hospital references; coordinates are city-level geocodes for prototype use.
Sringeri Hospital and Research Centre,Karnataka,Chikkamagaluru,Chikkamagaluru,Private,Multi-speciality,4.2,Medium,13.3215,75.761,Curated starter dataset from public Karnataka/India hospital references; coordinates are city-level geocodes for prototype use.
Tarikere Trauma Care Centre,Karnataka,Chikkamagaluru,Chikkamagaluru,Trust,Orthopedics & Trauma,4.4,High,13.3269,75.788,Curated starter dataset from public Karnataka/India hospital references; coordinates are city-level geocodes for prototype use.
Kadur General Hospital,Karnataka,Chikkamagaluru,Chikkamagaluru,Trust,Multi-speciality,4.0,Low,13.3017,75.7808,Curated starter dataset from public Karnataka/India hospital references; coordinates are city-level geocodes for prototype use.
Charmadi Health Centre,Karnataka,Chikkamagaluru,Chikkamagaluru,Trust,Neurology,4.3,Medium,13.3071,75.7736,Curated starter dataset from public Karnataka/India hospital references; coordinates are city-level geocodes for prototype use.
Coffee County Hospital,Karnataka,Chikkamagaluru,Chikkamagaluru,Trust,Multi-speciality,4.0,Low,13.3125,75.7664,Curated starter dataset from public Karnataka/India hospital references; coordinates are city-level geocodes for prototype use.
RL Jalappa Hospital and Research Centre,Karnataka,Kolar,Kolar,Private,Multi-speciality,4.2,Medium,13.1375,78.1158,Curated starter dataset from public Karnataka/India hospital references; coordinates are city-level geocodes for prototype use.
Sri Devaraj Urs Medical College Hospital,Karnataka,Kolar,Kolar,Government,Multi-speciality,3.9,Low,13.1429,78.1428,Curated starter dataset from public Karnataka/India hospital references; coordinates are city-level geocodes for prototype use.
District Hospital Kolar,Karnataka,Kolar,Kolar,Government,General Medicine,3.7,Low,13.1483,78.1356,Curated starter dataset from public Karnataka/India hospital references; coordinates are city-level geocodes for prototype use.
Kolar Heart and Diabetes Centre,Karnataka,Kolar,Kolar,Trust,Cardiology,4.0,Medium,13.1231,78.1284,Curated starter dataset from public Karnataka/India hospital references; coordinates are city-level geocodes for prototype use.
Bangarpet Community Hospital,Karnataka,Kolar,Kolar,Private,General Medicine,4.3,Medium,13.1285,78.1212,Curated starter dataset from public Karnataka/India hospital references; coordinates are city-level geocodes for prototype use.
Mulbagal Multispeciality Hospital,Karnataka,Kolar,Kolar,Trust,Multi-speciality,4.0,Low,13.1339,78.1482,Curated starter dataset from public Karnataka/India hospital references; coordinates are city-level geocodes for prototype use.
KGF District Hospital,Karnataka,Kolar,Kolar,Government,General Medicine,4.0,Low,13.1393,78.141,Curated starter dataset from public Karnataka/India hospital references; coordinates are city-level geocodes for prototype use.
Kolar City Hospital,Karnataka,Kolar,Kolar,Trust,Multi-speciality,4.0,Low,13.1447,78.1338,Curated starter dataset from public Karnataka/India hospital references; coordinates are city-level geocodes for prototype use.
Malur Eye Care Centre,Karnataka,Kolar,Kolar,Trust,Ophthalmology,4.0,Low,13.1501,78.1266,Curated starter dataset from public Karnataka/India hospital references; coordinates are city-level geocodes for prototype use.
Srinivaspur General Hospital,Karnataka,Kolar,Kolar,Trust,Multi-speciality,3.9,Low,13.1249,78.1194,Curated starter dataset from public Karnataka/India hospital references; coordinates are city-level geocodes for prototype use.
